company_name,normalized_company_name,job_scraper,createdAt,updatedAt,deletedAt,company_jobpage,company_website,industry,imagelink,company_summary,company_description
Abbott,Abbott,TRUE,,,,https://www.jobs.abbott/us/en/search-results?utm_source=dwindlestudentdebt.com&utm_medium=dwindlestudentdebt.com&utm_campaign=dwindlestudentdebt.com&ref=dwindlestudentdebt.com,https://www.jobs.abbott/us/en/,Hospital & Healthcare,https://ucarecdn.com/ec44459c-9002-4b40-a6bc-c556351ac4dd/abbott-logo-500x313.png,"Abbott's life-changing technology helps people live fully and offers information, medicines and breakthroughs to help you manage your health.","Abbott is a global healthcare leader that helps people live more fully at all stages of life. Our portfolio of life-changing technologies spans the spectrum of healthcare, with leading businesses and products in diagnostics, medical devices, nutritionals and branded generic medicines. Our 113,000 colleagues serve people in more than 160 countries."
"Aetna, A CVS Company",Aetna,TRUE,,,,https://jobs.cvshealth.com/?utm_source=dwindlestudentdebt.com&utm_medium=dwindlestudentdebt.com&utm_campaign=dwindlestudentdebt.com&ref=dwindlestudentdebt.com,https://www.aetna.com/,"Health, Wellness & Fitness",https://ucarecdn.com/eb64dc40-81cb-4a02-9350-3dca3f665264/aetna-logo.png,"At Aetna, a CVS Health Company, we are building a healthier world by making healthcare easy, affordable and all about you.","Founded in 1853 in Hartford, CT, Aetna is one of the nation's leading diversified health care benefits companies, serving an estimated 46.7 million people with information and resources to help them make better decisions about their healthcare."
AlloSource,Allosource,TRUE,,,,https://careers-allosource.icims.com/jobs/search?mobile=false&width=1038&height=500&bga=true&needsRedirect=false&jan1offset=-300&jun1offset=-240%3Futm_source%3Ddwindlestudentdebt.com&utm_medium=dwindlestudentdebt.com&utm_campaign=dwindlestudentdebt.com&ref=dwindlestudentdebt.com,https://allosource.org/,Medical Equipment Manufacturing,https://ucarecdn.com/10aac936-034d-4f4d-b49a-d55fcbafe6a6/allosource-logo.png,AlloSource is a healthcare company with a mission to help patients heal through innovative cellular and allograft research.,"As one of the world's leading manufacturers of fresh cartilage tissue used for joint repair and skin allografts to heal severe burns, AlloSource has grown into one of the largest tissue networks in the country with more than 450 employees. 
  
  With over 200 types of precise bone, skin, soft-tissue and custom-machined allografts, our organization offers products for an array of life-saving and life-enhancing medical procedures. We deliver unparalleled expertise and customer service to our growing network of surgeons, partners and the country's most reputable Organ Procurement Organizations."
Ally Financial,Ally,TRUE,,,,https://ally.avature.net/careers?utm_source=dwindlestudentdebt.com&utm_medium=dwindlestudentdebt.com&utm_campaign=dwindlestudentdebt.com&ref=dwindlestudentdebt.com,https://www.ally.com/,Financial Services,https://ucarecdn.com/4ff3fa59-65c8-4b0a-a7cf-859171315359/ally-financial.png,"Ally Financial provides financial services including car finance, online banking via a direct bank, corporate lending, vehicle insurance, mortgage loans, and an an electronic trading platform to trade financial assets.","We're relentlessly focused on Doing it Right and being a trusted financial services provider to our consumer, commercial, and corporate customers. 
  
We are one of the largest full-service automotive finance operations in the country and offer a wide range of financial services and insurance products to automotive dealerships and consumers. That's why more than 10.5 million people trust us to help with their bank, auto, invest and other financial needs."
Amazon,Amazon,TRUE,,,,https://hiring.amazon.com/app#/jobSearch?utm_source=dwindlestudentdebt.com&utm_medium=dwindlestudentdebt.com&utm_campaign=dwindlestudentdebt.com&ref=dwindlestudentdebt.com,https://www.amazoncareerchoice.com/home,Internet,https://ucarecdn.com/87b2f50e-738e-4b92-8894-737812c03fbb/amazon.png,"Amazon is guided by four principles: customer obsession rather than competitor focus, passion for invention, commitment to operational excellence, and long-term thinking.","We are driven by the excitement of building technologies, inventing products, and providing services that change lives. 
  We embrace new ways of doing things, make decisions quickly, and are not afraid to fail. We have the scope and capabilities of a large company, and the spirit and heart of a small one. 
  Together, Amazonians research and develop new technologies from Amazon Web Services to Alexa on behalf of our customers: shoppers, sellers, content creators, and developers around the world. Our mission is to be Earth's most customer-centric company. Our actions, goals, projects, programs, and inventions begin and end with the customer top of mind."
American Family Insurance,American Family Insurance,TRUE,,,,https://amfam.wd1.myworkdayjobs.com/Careers?utm_source=dwindlestudentdebt.com&utm_medium=dwindlestudentdebt.com&utm_campaign=dwindlestudentdebt.com&ref=dwindlestudentdebt.com,https://www.amfam.com/,Insurance,https://ucarecdn.com/b198e1f0-948d-4037-a009-3075f4a4750d/americanfamilyinsurance.png,"At American Family Insurance, we're committed to inspiring dreamers and helping them pursue and protect their dreams.","For more than 90 years, American Family Insurance has built its reputation on sound principles. We strive to provide you industry-leading service, exceptional claims experience and products that build long-term relationships. 
  
  This is accomplished by treating policyholders fairly in a helpful and caring way and making it easy and convenient to work with us. We know our customers like family."
Andersen Tax,Andersenus,TRUE,,,,https://www.andersen.com/careers/?utm_source=dwindlestudentdebt.com&utm_medium=dwindlestudentdebt.com&utm_campaign=dwindlestudentdebt.com&ref=dwindlestudentdebt.com,https://www.andersen.com/,Financial Services,https://ucarecdn.com/9b662221-c385-4822-97ae-80685a488de0/andersen-tax-logo.png,"Andersen provides a wide range of tax, valuation, financial advisory and related consulting services to individual and commercial clients.","We specialize in full service individual and business entity tax compliance and consulting. Our clients are at the center of our operating model which is structured to allow us to be entrepreneurial and proactive in our approach, and enables our Managing Directors to roll up their sleeves and work directly with you. 
  
  As an Andersen client, the professionals you get to know in your first meeting are the same professionals who will be working with you throughout the process."
"Anthem, Inc.",Anthem,TRUE,,,,https://anthemcareers.ttcportals.com/search/jobs?utm_source=dwindlestudentdebt.com&utm_medium=dwindlestudentdebt.com&utm_campaign=dwindlestudentdebt.com&ref=dwindlestudentdebt.com,anthem.com,Hospitals and Health Care,https://ucarecdn.com/db5fd8e7-18ee-40c0-83a2-42de1d7f7c40/anthem-logo.png,"At Anthem, Inc., we believe that our health connects us all.","We focus on being a valued health partner and delivering quality products and services that give members access to the care they need. 
  With more than 100 million people served by our affiliated companies including approximately 40 million enrolled in our family of health plans, we can make a real difference to meet the needs of our diverse customers."
Apple,Apple,TRUE,,,,https://jobs.apple.com/en-us/search?utm_source=dwindlestudentdebt.com&utm_medium=dwindlestudentdebt.com&utm_campaign=dwindlestudentdebt.com&ref=dwindlestudentdebt.com,apple.com,Computers and Electronics Manufacturing,https://ucarecdn.com/5a7da9a1-adff-491e-b111-34922f990540/apple-logo.png,"We're a diverse collective of thinkers and doers, continually reimagining what's possible to help us all do what we love in new ways.","The same innovation that goes into our products also applies to our practices, strengthening our commitment to leave the world better than we found it. This is where your work can make a difference in people's lives. Including your own."
AT&T,Att,TRUE,,,,https://www.att.jobs/search-jobs?utm_source=dwindlestudentdebt.com&utm_medium=dwindlestudentdebt.com&utm_campaign=dwindlestudentdebt.com&ref=dwindlestudentdebt.com,att.com,Telecommunications,https://ucarecdn.com/996ccf2d-e9f9-4510-b19a-f20a04c3eb90/2560px-at&t-logo-2016.svg.png,AT&T is where people come to invent the future. That's been our legacy since the very beginning.,"We're using our network, labs, products, services, and people to create a world where everything works together seamlessly, and life is better as a result. 
  How will we continue to drive for this excellence in innovation? 
  With you. 
  Our people, and their passion to succeed, are at the heart of what we do. Today, we're poised to connect millions of people with their world, delivering the human benefits of technology in ways that defy the imaginable."
Atticus,"Atticus ( atticushq, Atticusfranchisegroup, Atticus llc, Atticus family law)",TRUE,,,,https://boards.greenhouse.io/atticus?utm_source=dwindlestudentdebt.com&utm_medium=dwindlestudentdebt.com&utm_campaign=dwindlestudentdebt.com&ref=dwindlestudentdebt.com,https://www.atticus.com/,Legal Services,https://ucarecdn.com/b4eccb81-5fec-4b0c-95ff-058c4403e1f1/atticus.png,"We help people in crisis get the aid they need, for free.","When you're injured, disabled, or wronged, Atticus gets you all the aid you're entitled to from government, insurance, and courts.
  
  At any given time, 15 million Americans are experiencing a crisis that requires urgent help from our legal system or government. The right assistance could transform their lives. But today, most never get it. 
  
  Atticus is a startup on a mission to change that. We're reinventing a broken space: the $100 billion market for legal services for individuals. We've taken a rare and exclusive commodity - access to expert legal advice and referrals - and made it free and available to everyone."
Bellco Credit Union,Bellco Credit Union,TRUE,,,,https://www.bellco.org/about-bellco/careers/?utm_source=dwindlestudentdebt.com&utm_medium=dwindlestudentdebt.com&utm_campaign=dwindlestudentdebt.com&utm_ref=dwindlestudentdebt.com,https://www.bellco.org/,Banking,https://ucarecdn.com/8abf5a2c-6ed6-481e-806a-243132d75561/bellco-credit-union-logo.png,Serving Colorado's financial needs since 1936.,"Founded in 1936, Bellco Credit Union is one of the largest credit unions in Colorado, with more than $4 billion in assets, over 320,000 members and 25 branches in the Denver metro area and on the Western Slope. But despite its size, Bellco remains committed to its members and local communities, providing financial and volunteer support for numerous organizations. 
  
  As a member-owned not-for-profit business, Bellco delivers advantages that include lower interest rates on loans, higher yields on savings, shared branching with a national network of credit unions and access to thousands of surcharge-free ATMs. 
  
  Bellco offers a full range of financial products and services including checking, savings, investment services, mortgage loans, auto loans and business products and is proud to be an industry leader in technology and environmentally friendly business practices."
Best Buy,Best Buy,TRUE,,,,https://jobs.bestbuy.com/bby?id=all_jobs&spa=1&s=req_id_num%3Futm_source%3Ddwindlestudentdebt.com&utm_medium=dwindlestudentdebt.com&utm_campaign=dwindlestudentdebt.com&ref=dwindlestudentdebt.com,bestbuy.com,Retail,https://ucarecdn.com/5da1537d-6cec-40b1-b7ca-77425d608f35/best-buy-logo.png,Our purpose is to enrich lives through technology.,"We're a community of courageous change-makers, ambitious collaborators, and inspiring friends. 
  
  Whether it's working as a Geek Squad Agent, an in-store advisor, or in our corporate office, we offer each other support and prepare for what might come next."
Bon Secours Mercy Health,Bon secours mercy health system,TRUE,,,,https://careers.bsmhealth.org/search-jobs?utm_source=dwindlestudentdebt.com&utm_medium=dwindlestudentdebt.com&utm_campaign=dwindlestudentdebt.com&ref=dwindlestudentdebt.com,https://bsmhealth.org/,Hospitals and Health Care,https://ucarecdn.com/dd0366a6-7d51-49b1-ac41-5c534e042567/bon-secours-mercy-health.png,"It is our commitment to be of service to all who need our care and help, especially the poor, underserved and dying. Our physicians, nurses and health care givers embrace the calling entrusted to them, providing compassionate healing and service as modeled by our foundresses.","On September 1, 2018 Bon Secours Health System and Mercy Health combined to become the United States fifth largest Catholic health care ministry and one of the nation's 20 largest health care systems. 
  
  With 48 hospitals, thousands of providers, over 1,000 points of care and over 60,000 employees Bon Secours Mercy Health serves communities across seven states and Ireland. We are dedicated to continually improving health care quality, safety and cost effectiveness. Our hospitals, care sites and clinicians are recognized for clinical and operational excellence. 
  
  By utilizing robust measurement and reporting processes, we hold ourselves accountable for enhancing care and improving outcomes for our patients, residents and clients."
Capital One,Capital One,TRUE,,,,https://www.capitalonecareers.com/search-jobs?utm_source=dwindlestudentdebt.com&utm_medium=dwindlestudentdebt.com&utm_campaign=dwindlestudentdebt.com&ref=dwindlestudentdebt.com,capitalone.com,Financial Services,https://ucarecdn.com/be751021-5b45-45f7-8971-187eb23a0c4a/capital-one-logo.png,"At Capital One, we're changing banking for good. We were founded on the belief that no one should be locked out of the financial system. We're dedicated to helping foster a world where everyone has an equal opportunity to prosper.","We're a bank. But we don't think like one. We're always thinking about what's next. About how we can innovate. 
  Inspire. And develop the tools our customers need to improve their financial lives. That's where you come in. 
  Your ideas, your experiences and your skills will help us make banking simpler. Working here is about doing bold things. And having that feeling like you belong right where you are. Because we're doing cool work that lets you have a life outside of work. That's life at Capital One."
Carhartt,,TRUE,,,,https://www.carhartt.com/careers?utm_source=dwindlestudentdebt.com&utm_medium=dwindlestudentdebt.com&utm_campaign=dwindlestudentdebt.com&ref=dwindlestudentdebt.com,https://www.carhartt.com,Retail Apparel and Fashion,https://ucarecdn.com/7c4f8a59-3732-4ee9-95a2-915713980ad2/carhartt.png,"Outworking them all since 1889.
  
Carhartt manufactures premium clothing known for exceptional durability, comfort, quality of construction and fit that you can feel in the fabrics and see in the performance.","Established in Detroit in 1889, our corporate headquarters is today located in Dearborn, Michigan and our U.S. facilities are located in Kentucky and Tennessee. 
  
  We have company-owned retail locations throughout the U.S. and our flagship store is located in Midtown, Detroit. We are proud to be making best-in-class apparel for the active worker. 
  
  Our work environment is friendly, business casual, family oriented and welcoming to all. Our dedication to quality is not only reflected in our products but also in our people. 
  
  At Carhartt, we are committed to providing our consumer with a brand they can trust and depend on, our associates with career challenges and rewards and our communities with support and assistance."
Carvana,,TRUE,,,,https://www.carvana.com/careers/all-listings?utm_source=dwindlestudentdebt.com&utm_medium=dwindlestudentdebt.com&utm_campaign=dwindlestudentdebt.com&ref=dwindlestudentdebt.com,https://www.carvana.com/,Internet,https://ucarecdn.com/82427ec6-ac28-4494-bbc5-3077a1384993/carvana.png,"Carvana's mission is to change the way people buy and sell cars. At Carvana, We'll Drive You Happy.","Carvana offers an intuitive and convenient online car buying, selling, and financing experience. 
  
  Carvana.com enables customers to quickly and easily shop more than 55,000 vehicles, finance, trade in or sell their current vehicle to Carvana, sign contracts and schedule delivery or pickup at one of its patented, automated Car Vending Machines.
  
  Carvana is a Fortune 500 company, providing as-soon-as-next-day delivery to customers in over 300 U.S. markets."
Chegg,,TRUE,,,,https://osv-chegg.wd5.myworkdayjobs.com/Chegg?utm_source=dwindlestudentdebt.com&utm_medium=dwindlestudentdebt.com&utm_campaign=dwindlestudentdebt.com&ref=dwindlestudentdebt.com,https://www.chegg.com/,Internet - Education,https://ucarecdn.com/2c6490dc-2c37-4dc7-a1a8-3c12b28c6a15/chegg-logo.png,The leading student-first connected learning platform.,"Chegg's Student Hub makes higher education more affordable and more accessible, all while improving student outcomes. 
  
  Chegg is a publicly-held company based in Santa Clara, CA with offices in San Francisco, New York, Portland, India, Israel, Berlin, and Ukraine. Chegg Student Hub Services Includes; Chegg Study, Tutoring, Writing Tools, Math Help, Test Prep, Careers Search, Internship Admissions, and College Admissions."
Chipotle,,TRUE,,,,https://jobs.chipotle.com/?utm_source=dwindlestudentdebt.com&utm_medium=dwindlestudentdebt.com&utm_campaign=dwindlestudentdebt.com&ref=dwindlestudentdebt.com,https://chipotle.com/,Restaurants,https://ucarecdn.com/777b6848-a26e-4cd8-8127-760edd7a6020/chipotle.png,Real food. Real people. Real opportunities.,"When Chipotle first opened, the idea was simple: show that food served fast didn't have to be a ""fast-food"" experience. 
  
  We use high-quality raw ingredients and classic cooking methods, serve in a distinctively designed atmosphere, and provide an exceptional customer experienceâ€”features more frequently found in the world of fine dining. 
  
  As a fast-growing company, we're always looking for new people to join our team. We provide real opportunity for advancement and a fun, exciting work environment."
ChowNow,,TRUE,,,,https://get.chownow.com/careers/?utm_source=dwindlestudentdebt.com&utm_medium=dwindlestudentdebt.com&utm_campaign=dwindlestudentdebt.com&ref=dwindlestudentdebt.com&source=dwindlestudentdebt.com,https://get.chownow.com/,Internet Publishing,https://ucarecdn.com/768db4bd-9270-4692-a5b3-0b116016e300/chownow.png,We help local restaurants thrive.,"ChowNow powers branded online ordering systems for independent restaurants across the US via restaurants own websites, on Facebook and Google pages, through ChowNow-created apps, and via ChowNow's website while also providing our restaurant partners key customer insights and marketing support. 
  
  We do all of this for a reasonable monthly fee, without the predatory third-party commissions charged by our competitors. 
  
  Using ChowNow allows diners to connect with the best independent restaurants in their communities to order takeout (and in some cases delivery) in a way that's sustainable and fair to restaurants."
Commonbond,,TRUE,,,,https://www.commonbond.co/careers?utm_source=dwindlestudentdebt.com&utm_medium=dwindlestudentdebt.com&utm_campaign=dwindlestudentdebt.com&ref=dwindlestudentdebt.com&source=dwindlestudentdebt.com,https://www.commonbond.co/,Financial Services,https://ucarecdn.com/c40e9919-8230-4e0e-aba6-5b049db082b8/commonbond.png,Your friend in finance.,"CommonBond has built a values-driven, customer-centric fintech company. Our mission is to change the way people think about their personal finances and financial independence. 
  
  We accomplish this by offering products that increase monthly cash flow for consumers, leverage state-of-the art technology, and deliver award-winning customer service"
Connelly Partners,,TRUE,,,,https://www.connellypartners.com/careers/?utm_source=dwindlestudentdebt.com&utm_medium=dwindlestudentdebt.com&utm_campaign=dwindlestudentdebt.com&ref=dwindlestudentdebt.com&source=dwindlestudentdebt.com,https://www.connellypartners.com/,Advertising Services,https://ucarecdn.com/db4f133a-e9c1-48c0-a61f-8d9c0d5e4e15/connelly-partners.png,"We're an advertising and marketing agency who believes in human emotions and the power to be ""Defiantly Human.""","As the largest independent agency in New England today, we are 170 Defiantly Human people that believe in the power of data but also the reality of emotion. 
  
  We believe that great data informs great creative and strategy, but there are some things only humans can do like buy your products and services. 
  
  We exist in defense of humans, with understanding of humans and commitment to humans. 
  
  We believe in the power of empathy and that our responsibility is to see the world through the eyes of our clients, their customers and our employees. 
  
  We fit best with brands that aspire to be Modern Brands, brands who acknowledge the changing rules of marketing and want what it takes to prepare for tomorrow."
Crew Carwash,,TRUE,,,,https://crewcarwash.com/apply-now?utm_source=dwindlestudentdebt.com&utm_medium=dwindlestudentdebt.com&utm_campaign=dwindlestudentdebt.com&ref=dwindlestudentdebt.com&source=dwindlestudentdebt.com,https://crewcarwash.com/,Retail,https://ucarecdn.com/9251199c-594e-4fb4-808a-f8e6ae8df6a5/crew-carwash.png,"An Indiana based, multi-generational family business built to last.","For over 70 years, we've held fast to one goal - delivering a clean, quick carwash, every time, with a smile to the customer. 
  
  As our Founder, Joe Dahm often reminds us, we're really in the people business. We just happen to wash cars. And, we believe much of our success stems directly from treating our boss, the customer, to the best possible experience every time they visit."
CSAA Insurance Group,,TRUE,,,,https://careers.csaa-insurance.aaa.com/us/en/search-results?utm_source=dwindlestudentdebt.com&utm_medium=dwindlestudentdebt.com&utm_campaign=dwindlestudentdebt.com&ref=dwindlestudentdebt.com,https://csaa-insurance.aaa.com/content/aaa-ie/b2c/en/homepage.html,Insurance,https://media-exp1.licdn.com/dms/image/C560BAQHMcD93Iqkt5g/company-logo_200_200/0/1569616339615?e=2147483647&v=beta&t=G7rFSLET7kgyfLwpXrgQ9UdUqt02QfchWd8R2FhnSGw,We are an insurance company and personalized service is at the heart of what we do.,"We aspire to be the number one insurer in AAA member households across the markets we serve, and are motivated by the growth of our business, the pursuit of excellence, and the innovation within our company and industry. 
  
  We find that by being committed to our employees results in their commitment to provide AAA members with exemplary service. This two-way commitment allows us to achieve moreâ€”together."
Deloitte,,TRUE,,,,https://apply.deloitte.com/careers/SearchJobs?utm_source=dwindlestudentdebt.com&utm_medium=dwindlestudentdebt.com&utm_campaign=dwindlestudentdebt.com&ref=dwindlestudentdebt.com&source=dwindlestudentdebt.com,deloitte.com,Business Consulting and Services,https://ucarecdn.com/2719f7f8-8ecc-47c1-a919-91551285576c/deloitte-logo.png,Deloitte drives progress. Our firms around the world help clients become leaders wherever they choose to compete.,"With more than 100,000 professionals, Deloitte provides audit and assurance, tax, consulting, and risk and financial advisory services to a broad cross-section of the largest corporations and governmental agencies."
Discover Financial Services,,TRUE,,,,https://jobs.discover.com/?utm_source=dwindlestudentdebt.com&utm_medium=dwindlestudentdebt.com&utm_campaign=dwindlestudentdebt.com&ref=dwindlestudentdebt.com&source=dwindlestudentdebt.com,discover.com,Financial Services,https://ucarecdn.com/3fd32ed6-4baa-441d-9a6b-2c2454be3999/discover-logo.png,"We are Discover. As one of the most recognized brands in U.S. financial services, we create solutions that connect people to commerce in more rewarding ways.","Our lending products and payment services go far beyond consumer credit, to enable millions of merchants to run their businesses, to explore new markets, power fin-tech companies and most importantly - help people to build a brighter financial future. 
  
  The Discover Network provides card acceptance at millions of businesses and cash access locations. We operate the ATM debit network, PULSE; and Diners Club International has acceptance in more than 185 countries and territories."
Disney,,TRUE,,,,https://jobs.disneycareers.com/search-jobs?glat=42.87813&glon=-73.19677?utm_source=dwindlestudentdebt.com&utm_medium=dwindlestudentdebt.com&utm_campaign=dwindlestudentdebt.com&ref=dwindlestudentdebt.com&source=dwindlestudentdebt.com,disney.com,Entertainment Providers,https://ucarecdn.com/c9034152-a566-4c37-a3ba-603529871d99/disney-logo.png,"From classic animated features and exhilarating theme park attractions to cutting edge sports coverage, and the hottest shows on television, The Walt Disney Company has been making magic since 1923, creating unforgettable stories that connect with audiences around the world.","The mission of The Walt Disney Company is to entertain, inform and inspire people around the globe through the power of unparalleled storytelling, reflecting the iconic brands, creative minds and innovative technologies that make ours the world's premier entertainment company.
  
  The Walt Disney Company, together with its subsidiaries and affiliates, is a leading diversified international family entertainment and media enterprise that includes Disney Parks, Experiences and Products; Disney Media & Entertainment Distribution; and four content groups Studios, General Entertainment, Sports and International focused on developing and producing content for DTC, theatrical and linear platforms."
Easterseals NH,,TRUE,,,,https://us62e2.dayforcehcm.com/CandidatePortal/en-US/eastersealsnh?utm_source=dwindlestudentdebt.com&utm_medium=dwindlestudentdebt.com&utm_campaign=dwindlestudentdebt.com&ref=dwindlestudentdebt.com&source=dwindlestudentdebt.com,https://www.easterseals.com/nh/,Non-Profit Organization,https://ucarecdn.com/ec9cadd6-0028-4103-af20-e72f1c8c9ae4/easterseals-nh.png,"We provide exceptional services to ensure that all people with disabilities or special needs and their families have equal opportunities to live, learn, work and play in their communities.","For over 84 years, Easterseals New Hampshire has provided exceptional services to ensure we change the way the world defines and views disability by making profound, positive differences in people's lives every day.
  
  Easterseals NH services include autism services, inclusive child care and early intervention, special education, medical rehabilitation, camping and recreation, vocational services, senior services, substance use services, adult day programs, community-based services, individual service options, transportation services, residential service options, and veteran services."
Estee Lauder,,TRUE,,,,"https://jobs.elcompanies.com/estee-lauder-companies/jobs?page=1&location=&keywords=&locations=,,United%20States?utm_source=dwindlestudentdebt.com&utm_medium=dwindlestudentdebt.com&utm_campaign=dwindlestudentdebt.com&ref=dwindlestudentdebt.com&source=dwindlestudentdebt.com",https://www.esteelauder.com/,Personal Care Product Manufacturing,https://ucarecdn.com/ce1fbebe-fa1a-4a80-bca7-33a300daa0ba/estee-lauder.png,"We are the global leader in prestige beauty - delighting consumers with transformative products and experiences, inspiring them to express their individual beauty.","We are the only company focused solely on prestige makeup, skin care, fragrance and hair care with a diverse portfolio of 25+ brands sold in approximately 150 countries and territories. 
  
  Infused throughout our organization is a passion for creativity and innovation - a desire to push the boundaries and invent the unexpected - as we continue the bold work of our founder Estée Lauder."
Fidelity Investments,,TRUE,,,,https://jobs.fidelity.com/job-search-results?utm_source=dwindlestudentdebt.com&utm_medium=dwindlestudentdebt.com&utm_campaign=dwindlestudentdebt.com&ref=dwindlestudentdebt.com,https://www.fidelity.com/,Financial Services,https://ucarecdn.com/42b1ed6e-5bb5-47ca-9bb0-693920604e52/fidelity-investments.png,"We help over ~40 million people feel more confident in their most important financial goals, manage employee benefit programs for nearly 23,000 businesses, and support more than 3,600 advisory firms* with innovative investment and technology solutions to grow their businesses.","Privately held for nearly 70 years, we've always believed by providing investors with access to the information and expertise, we can help them achieve better results. 
  
  That's been our approach- innovative yet personal, compassionate yet responsible, grounded by a tireless work ethic - it is the heart of the Fidelity way."
First Republic Bank,,TRUE,,,,https://careers.firstrepublic.com/?utm_source=dwindlestudentdebt.com&utm_medium=dwindlestudentdebt.com&utm_campaign=dwindlestudentdebt.com&ref=dwindlestudentdebt.com,https://www.firstrepublic.com/,Banking,https://ucarecdn.com/b92c5ea8-4f19-4a01-b440-0ab6c7a57ec9/first-republic-bank.png,It's a privilege to serve you.®,"First Republic is a full-service financial institution specializing in private banking and private business banking. In addition, our wealth management affiliates offer investment, trust and wealth management services. 
  We deliver personalized solutions to help both individuals and businesses meet their financial goals, with over 80 Preferred Banking Offices located primarily in urban coastal markets, including San Francisco, New York, Boston and Los Angeles."
Five Guys Enterprises,,TRUE,,,,https://www.joinfiveguys.com/?utm_source=dwindlestudentdebt.com&utm_medium=dwindlestudentdebt.com&utm_campaign=dwindlestudentdebt.com&ref=dwindlestudentdebt.com&source=dwindlestudentdebt.com,fiveguys.com,Restaurants,https://ucarecdn.com/9d543919-75c7-4083-8c75-5ca853770e97/fiveguys.png,Handcrafted Career Oppourtinities since 1986.,"History: 
  
  *1986: The first Five Guys location opens in Arlington, VA. 
  
  *1986 - 2001: Five Guys opens five locations around the DC metro-area and perfected their business of making burgers and starts to build a cult-like following. 
  
  * 2002: Five Guys decides DC metro-area residents shouldn't be the only ones to experience their burgers and start to franchise in Virginia and Maryland. 
  
  * 2003: Five Guys sells out of franchise territory within 18 months and starts to open the rest of the country for franchise rights. 
  
  * 2003 - 2012: Five Guys expands to over 1,000 locations in the U.S. and Canada. 
  
  * In July 2013, Five Guys opens the first location outside of North America in London, England. 
  
  * Our International HQ in Amsterdam, NL opened in 2016. 
  
  * Today, we have more than 1,500 locations open in North America, Canada, UK,, Middle East, Europe and growing."
Ford Motor Company,,TRUE,,,,https://dwindlestudentdebt.com/company-ford-motor-company,ford.com,Motor Vechile Manufacturing,https://ucarecdn.com/601ff4c9-7658-453e-83bd-3c4eb2719f46/ford-logo.png,Ford is a global company with shared ideals and a deep sense of family.,"From our earliest days as a pioneer of modern transportation, we have sought to make the world a better place. One that benefits lives, communities and the planet. 
  We are here to provide the means for every person to move and pursue their dreams, serving as a bridge between personal freedom and the future of mobility. In that pursuit, our 186,000 employees around the world help to set the pace of innovation every day."
Freddie Mac,,TRUE,,,,https://corporate.ford.com/careers/job-opportunities.html?utm_source=dwindlestudentdebt.com&utm_medium=dwindlestudentdebt.com&utm_campaign=dwindlestudentdebt.com&ref=dwindlestudentdebt.com&source=dwindlestudentdebt.com,https://www.freddiemac.com/,Financial Services,https://ucarecdn.com/1ef7f1ab-f6e8-4dfa-9052-bd7d8d992896/freddie-mac.png,We're on a mission to make home possible for homebuyers and renters across the U.S.,"Freddie Mac makes home possible for millions of families and individuals by providing mortgage capital to lenders. 
  Since our creation by Congress in 1970, weâ€™ve made housing more accessible and affordable for homebuyers and renters in communities nationwide. We are building a better housing finance system for homebuyers, renters, lenders and taxpayers."
GEICO,,TRUE,,,,https://careers.geico.com/us/en/search-results?utm_source=dwindlestudentdebt.com&utm_medium=dwindlestudentdebt.com&utm_campaign=dwindlestudentdebt.com&ref=dwindlestudentdebt.com&source=dwindlestudentdebt.com,geico.com,Insurance,https://ucarecdn.com/81f36f39-9ea5-4c2b-a94c-26157128900f/geico-logo.png,"We know you know GEICO, but we want you to know that with us, you'll find a rewarding career no matter which path you take.","GEICO - Government Employees Insurance Company. Puzzled, are you? 
  Well, the name goes back to the beginnings of the company. Founder Leo Goodwin first targeted a customer base of U.S. government employees and military personnel. Today, of course, the company has grown to provide insurance to a wide range of customers, whether they're employed by Uncle Sam or the private sector."
Google,,TRUE,,,,https://careers.google.com/jobs/results/?ref=dwindlestudentdebt.com&source=dwindlestudentdebt.com&utm_campaign=dwindlestudentdebt.com&utm_medium=dwindlestudentdebt.com&utm_source=dwindlestudentdebt.com,google.com,Internet,https://ucarecdn.com/bd58c18f-0ce0-4680-8b93-99a8d768a1b9/google.png,Our mission is to organize the world's information and make it universally accessible and useful.,"Our mission is to organize the world's information and make it universally accessible and useful. A problem isn't truly solved until it's solved for all. Googlers build products that help create opportunities for everyone, whether down the street or across the globe. 
  
  Bring your insight, imagination and a healthy disregard for the impossible. Bring everything that makes you unique. Together, we can build for everyone."
Guild Education,,TRUE,,,,https://www.guildeducation.com/about-us/careers/?utm_source=dwindlestudentdebt.com&utm_medium=dwindlestudentdebt.com&utm_campaign=dwindlestudentdebt.com&ref=dwindlestudentdebt.com&source=dwindlestudentdebt.com,guildeducation.com,Education Administration Programs,https://ucarecdn.com/f4a0251e-7472-4589-8d7c-54a254f110f0/guild-education.png,We're on a mission to unlock opportunity for America's workforce through education and upskilling.,"Guild Education is on a mission to unlock opportunity for America's workforce through education and upskilling, with a double bottom-line business model that does well by doing good.
  
  Guild works with leading Fortune 1000 employers such as The Walt Disney Company, Walmart, Discover, Chipotle and Lowe's to transform their education & upskilling programs through Guild's technology platform, payments system and learning marketplace. 
  
  With nearly 800 employees and a growing customer base, Guild is a fast-growing company that was recognized as a winner of Fast Company's 2020 World Changing Ideas award and a CNBC Disruptor 50 company for its work at the intersection of education and the future of work."
HCA Healthcare,,TRUE,,,,https://careers.hcahealthcare.com/search/jobs?utm_source=dwindlestudentdebt.com&utm_medium=dwindlestudentdebt.com&utm_campaign=dwindlestudentdebt.com&ref=dwindlestudentdebt.com&source=dwindlestudentdebt.com,https://hcahealthcare.com/,Hospitals and Healthcare,https://ucarecdn.com/ffa31210-a157-4f4a-9784-b9937ae92b71/hca-healthcare.png,"At HCA Healthcare, we are driven by a single mission: Above all else, we are committed to the care and improvement of human life.","HCA Healthcare is one of the nation's leading providers of healthcare services, comprising 182 hospitals and approximately more than 2,300 sites of care, including surgery centers, freestanding ERs, urgent care centers, and physician clinics, in 20 states and the United Kingdom. 
  With more than 283,000 colleagues driven by one purpose - to give patients healthier tomorrows - we are excited about the future of medicine and believe we are uniquely positioned to play a leading role in the transformation of clinical care."
Herschend Enterprises,,TRUE,,,,https://www.hfecorp.com/about-us/work-with-us/?utm_source=dwindlestudentdebt.com&utm_medium=dwindlestudentdebt.com&utm_campaign=dwindlestudentdebt.com&ref=dwindlestudentdebt.com,https://herschendenterprises.com/,Entertainment Providers,https://ucarecdn.com/2533c810-e4ce-4be7-8cd7-3908cae0b81d/herschend-enterprises-logo.png,"Herschend Enterprises is recognized as the largest family-owned themed attractions organization in the US., with 11,000+ employees across 26 properties that collectively entertain more than 14 million guests annually.","Herschend Family Entertainment and its portfolio of theme park, resorts, and aquariums is part of the Herschend Enterprises family of brands with a collective vision and mission of bringing families closer together by Creating Memories Worth Repeating®.
  
  Today, Herschend Family Entertainment and its parent company Herschend Enterprises are considered the nation's largest family-owned themed attractions corporation in the US. Our team of more than 11,000 employees creates, develops and operates entertainment, tourism and hospitality properties that currently span 26 locations across the US and British Columbia."
Honeywell,,TRUE,,,,https://careers.honeywell.com/us/en/?utm_source=dwindlestudentdebt.com&utm_medium=dwindlestudentdebt.com&utm_campaign=dwindlestudentdebt.com&ref=dwindlestudentdebt.com&source=dwindlestudentdebt.com,https://honeywell.com,"Appliances, Electrical, and Electronics Manufacturing",https://ucarecdn.com/c3e3f416-1a67-4d8f-8bc5-12f86f4cc8b8/honeywell.png,We believe what happens tomorrow is determined by what we do today.,"Honeywell is a Fortune 100 company that invents and manufactures technologies to address tough challenges linked to global macrotrends such as safety, security, and energy. 
  With approximately 110,000 employees worldwide, including more than 19,000 engineers and scientists, we have an unrelenting focus on quality, delivery, value, and technology in everything we make and do."
Hulu,,TRUE,,,,"https://jobs.disneycareers.com/search-jobs?acm=ALL&alrpm=ALL&ascf=[%7B%22key%22:%22custom_fields.IndustryCustomField%22,%22value%22:%22Disney+Streaming%22%7D,%7B%22key%22:%22custom_fields.IndustryCustomField%22,%22value%22:%22Hulu%22%7D]",https://www.hulu.com/welcome,Internet,https://ucarecdn.com/cdd40a6a-4047-45ff-b818-dd4340d36981/hulu.png,"Hulu is the leading premium streaming service offering live and on-demand TV and movies, with and without commercials, both in and outside the home.","Launched in 2008, Hulu has grown to more than 25 million subscribers in the U.S. and is the only service that gives viewers instant access to current shows from every major U.S. broadcast network; libraries of hit TV series and films; and acclaimed Hulu Originals like Emmy® and Golden Globe Award-winning series The Handmaid's Tale, Emmy Award-nominated The Looming Tower, Future Man, Marvel's Runaways and Castle Rock, as well as live news, entertainment and sports from 21st Century Fox, The Walt Disney Company, NBCUniversal, CBS Corporation, The CW, Turner Networks, A+E Networks and Discovery Networks all in one place."
Inova Health,,TRUE,,,,https://www.inova.org/careers?utm_source=dwindlestudentdebt.com&utm_medium=dwindlestudentdebt.com&utm_campaign=dwindlestudentdebt.com&ref=dwindlestudentdebt.com&source=dwindlestudentdebt.com,https://www.inova.org/,Hospitals and Health Care,https://ucarecdn.com/cf7eab53-a863-4ee4-bb01-dbbe15f2fa16/inova-health.png,Inova's mission is to provide world-class healthcare to each person in every community we have privilege to serve.,"Inova is Northern Virginiaâ€™s leading nonprofit healthcare provider, employing more than 18,000 team members and serving more than 2 million individuals annually through an integrated network of hospitals, primary and specialty care practices, emergency and urgent care centers, outpatient services and destination institutes such as the Inova Heart and Vascular Institute, Inova Schar Cancer Institute and Inova Neuroscience and Spine Institute."
Intuit,,TRUE,,,,https://jobs.intuit.com/search-jobs?utm_source=dwindlestudentdebt.com&utm_medium=dwindlestudentdebt.com&utm_campaign=dwindlestudentdebt.com&ref=dwindlestudentdebt.com&source=dwindlestudentdebt.com,intuit.com,Software Development,https://ucarecdn.com/fc8be5ea-608a-46ef-8ec7-c8f42fd274f9/intuit-logo.png,We help our customers and communities overcome their most important financial challenges.,"Intuit is a global technology platform that helps our customers and communities overcome their most important financial challenges. Serving millions of customers worldwide with TurboTax, QuickBooks, Mint, Credit Karma and Mailchimp, we believe that everyone should have the opportunity to prosper and we work tirelessly to find new, innovative ways to deliver on this belief."
JPMorgan Chase & Co.,,TRUE,,,,https://jpmc.fa.oraclecloud.com/hcmUI/CandidateExperience/en/sites/CX_1001/requisitions?keyword=,https://www.jpmorganchase.com/,Financial Services,https://ucarecdn.com/aeffa938-38fd-4713-9a39-7e8c1fd69d37/jpmc-logo.png,We're a leading global financial services firm with operations servicing clients in more than 100 countries.,"For over 200 years, JPMorgan Chase & Co has provided innovative financial solutions for consumers, small businesses, corporations, governments and institutions around the world.
  
  Today, we're a leading global financial services firm with operations servicing clients in more than 100 countries. Whether we are serving customers, helping small businesses, or putting our skills to work with partners, we strive to identify issues and propose solutions that will propel the future and strengthen both our clients and our communities."
Kaiser Permanente,,TRUE,,,,https://www.kaiserpermanentejobs.org/search-jobs?utm_source=dwindlestudentdebt.com&utm_medium=dwindlestudentdebt.com&utm_campaign=dwindlestudentdebt.com&ref=dwindlestudentdebt.com&source=dwindlestudentdebt.com,kp.org,Hospitals and Health Care,https://ucarecdn.com/4fc77788-1885-4d88-ab5a-0e2cc7eb4f34/kaiser-permanente-logo.png,"We are relentless in our pursuit of excellence. Founded nearly 80 years ago, our unique business model sets us apart - positioning us to drive improvements across the industry and around the world.","As the nationâ€™s leading not-for-profit health plan, we proudly serve 11+ million members from 600+ locations in 8 states and D.C. Together, our 200,000+ employees work as one to positively impact the lives of our members, employees, and communities."
UKG,UKG,TRUE,,,,https://careers.ukg.com/?utm_source=dwindlestudentdebt.com&utm_medium=dwindlestudentdebt.com&utm_campaign=dwindlestudentdebt.com&ref=dwindlestudentdebt.com&source=dwindlestudentdebt.com,https://www.kronos.com/,Software Development,https://ucarecdn.com/756e5fbc-49ee-45ca-af2a-c1c1324c2bb3/kronos.png,"Built from the merger of Ultimate Software & Kronos Inc, we are now UKG. We provide global HCM, payroll and workforce management solutions.","UKG is a leading provider of HR, payroll, and workforce management solutions for all people. But donâ€™t take our word for it: We are the only enterprise vendor ranked as a leader by all major analysts and peer review sites and have been recognized around the world for our workplace culture, innovative practices, and commitment to customer success."
LendEDU,,TRUE,,,,mailto:support@lendedu.com,https://lendedu.com/,Financial Services,https://ucarecdn.com/33a29a41-cd7f-48e2-a1f2-afd7aaafd68e/lendedu.png,Educated Financial Decisions.,"LendEDU is a personal finance comparison website. LendEDU's goal is to help you make educated financial decisions when it comes to products like student loans, mortgages, home equity loans, insurance, personal loans, credit cards, and many more. Through LendEDU's free blog, tools, and resources, we want to keep you informed and educated on all things personal finance."
Live Nation Entertainment,,TRUE,,,,https://livenation.wd1.myworkdayjobs.com/LNExternalSite?utm_source=dwindlestudentdebt.com&utm_medium=dwindlestudentdebt.com&utm_campaign=dwindlestudentdebt.com&ref=dwindlestudentdebt.com,https://www.livenation.com/,Entertainment,https://ucarecdn.com/75565027-05d4-44af-9cb9-788490e284e1/live-nation.png,"Live Nation produces more concerts, sell more tickets and connects more brands to music than anyone else in the world.","Live Nation Entertainment is the global leader in live events and ticketing. With business operations and corporate functions across major divisions including Ticketmaster, Concerts, Media & Sponsorship and Artist Nation, we offer exciting opportunities across every discipline."
Lockheed Martin,,TRUE,,,,https://www.lockheedmartinjobs.com/?utm_source=dwindlestudentdebt.com&utm_medium=dwindlestudentdebt.com&utm_campaign=dwindlestudentdebt.com&ref=dwindlestudentdebt.com&source=dwindlestudentdebt.com,https://www.lockheedmartin.com/,Defense and Space Manufacturing,https://ucarecdn.com/10c165e0-8dd2-4b22-b22f-f12cebffa70b/lockheed-martin.png,"Customer focus, innovation and purpose are built into everything we do. Lockheed Martin. Your Mission Is Ours®.","Headquartered in Bethesda, Maryland, Lockheed Martin is a global security and aerospace company that employs approximately 114,000 people worldwide and is principally engaged in the research, design, development, manufacture, integration and sustainment of advanced technology systems, products and services."
Lowe's,,TRUE,,,,https://talent.lowes.com/us/en?utm_source=dwindlestudentdebt.com&utm_medium=dwindlestudentdebt.com&utm_campaign=dwindlestudentdebt.com&ref=dwindlestudentdebt.com&source=dwindlestudentdebt.com,https://www.lowes.com/,Retail,https://ucarecdn.com/b9fca046-a3f5-43c2-a052-ce759cbbaa18/lowe's-logo.wine.png,Do it right for less. Start with Lowe's.,"Lowe's grew from one small-town hardware store in North Carolina to one of the largest home improvement retailers in the world. 
  
  Then and now, we're committed to helping homeowners, renters and Pros improve their homes and businesses."
Mclaren Health Care,,TRUE,,,,https://www.mclaren.org/main/careers?utm_source=dwindlestudentdebt.com&utm_medium=dwindlestudentdebt.com&utm_campaign=dwindlestudentdebt.com&ref=dwindlestudentdebt.com&source=dwindlestudentdebt.com,mclaren.org,Hospitals and Health Care,https://ucarecdn.com/37f528ac-efd8-459d-af66-13c6f190963f/mclaren-health-care.png,"McLaren Health Care, headquartered in Grand Blanc, Michigan, is a fully integrated health care delivery system committed to quality, evidence-based patient care and cost efficiency.","The McLaren system includes 15 hospitals in Michigan and Ohio, ambulatory surgery centers, imaging centers, a 490-member employed primary and specialty care physician network, commercial and Medicaid HMOs covering approximately 640,000 lives in Michigan and Indiana, home health, infusion and hospice providers, pharmacy services, a clinical laboratory network and a wholly owned medical malpractice insurance company.
  McLaren operates Michigan's largest network of cancer centers and providers, anchored by the Karmanos Cancer Institute, one of only 51 National Cancer Institute-designated comprehensive cancer centers in the U.S."
MidWestOne Bank,,TRUE,,,,https://careers-midwestone.icims.com/jobs/search?ss=1&hashed=-435800308&mobile=false&width=980&height=500&bga=true&needsRedirect=false&jan1offset=-300&jun1offset=-240%3Futm_source%3Ddwindlestudentdebt.com&utm_medium=dwindlestudentdebt.com&utm_campaign=dwindlestudentdebt.com&ref=dwindlestudentdebt.com&source=dwindlestudentdebt.com,https://www.midwestone.bank/,Financial Services,https://ucarecdn.com/7bde84f8-010d-4f47-8cb7-9448d8714eb1/midwestone-bank.png,"MidWestOne Bank was founded in 1934 with the mission statement ""To take care of our customers...and those who should be. This is the same mission today.","Headquartered in Iowa City, Iowa, MidWestOne Bank operates 55 banking offices in Iowa, Minnesota, Wisconsin, Florida and Colorado. As a community bank, MidWestOne focuses on fulfilling all of the possible financial needs of a customer by offering personal banking, small business banking, wealth management, mortgage, and more."
Natixis,,TRUE,,,,https://recrutement.natixis.com/jobs/list?hidden_submit=1&amp;keywords=&amp;category=&amp;country=US&amp;city=&amp;contractType=&amp;organization=?utm_source=dwindlestudentdebt.com&utm_medium=dwindlestudentdebt.com&utm_campaign=dwindlestudentdebt.com&ref=dwindlestudentdebt.com&source=dwindlestudentdebt.com,https://natixis.groupebpce.com/natixis/en/home-j_6.html,Financial Services,https://media-exp1.licdn.com/dms/image/C560BAQGYmAU5uZzJ5A/company-logo_200_200/0/1631809074130?e=2159024400&v=beta&t=dHpMpWFMeqOYSTPEsQQPdR-Kzmzksc1Fh46eIMBp4nc,Corporate and Investment Banking.,"Natixis is a leading global financial institution that provides advisory, investment banking, financing, corporate banking and capital markets services to corporations, financial institutions, financial sponsors and sovereign and supranational organizations worldwide."
New York Life Insurance Company,,TRUE,,,,https://jobs.newyorklife.com/search/?utm_source=dwindlestudentdebt.com&utm_medium=dwindlestudentdebt.com&utm_campaign=dwindlestudentdebt.com&ref=dwindlestudentdebt.com&source=dwindlestudentdebt.com,https://www.newyorklife.com/,Financial Services,https://ucarecdn.com/95bfd250-bbae-4c4f-a600-1421ce89e071/new-york-life-logo.png,"For over 175 years, we've been helping people put their love into action.","For over 175 years, we've been helping people put love into action. As a mutual company owned by our policyholders*, we hold ourselves to the highest standards of transparency, objectivity, and integrity. Recognized as one of Fortune's World's Most Admired Companies**, we're committed to improving local communities through a culture of giving and volunteerism, supported by our own New York Life Foundation."
Noodles & Company,,TRUE,,,,https://apply.jobappnetwork.com/noodles?keywordsFilter=&city=&state=&category=Restaurant%20Management&utm_source=careersite&utm_medium=organic&utm_campaign=RestaurantManagement&?src=CompanyWebsite?utm_source=dwindlestudentdebt.com&utm_medium=dwindlestudentdebt.com&utm_campaign=dwindlestudentdebt.com&ref=dwindlestudentdebt.com&source=dwindlestudentdebt.com,https://www.noodles.com/,Restaurants,https://ucarecdn.com/0cf57bbf-57dd-4d18-a9ca-43228716c168/noodles-&-company.png,"Our mission is to nourish and inspire every team member, guest and community we serve. All noodles welcome!","At Noodles & Company we have 4 core values: We Care, We are Passionate, We Show Pride and We Love Life! We've created a supportive environment that challenges and rewards those who share our mission - to Nourish and Inspire every team member, guest, and community we serve."
NVIDIA,,TRUE,,,,https://nvidia.wd5.myworkdayjobs.com/NVIDIAExternalCareerSite?utm_source=dwindlestudentdebt.com&utm_medium=dwindlestudentdebt.com&utm_campaign=dwindlestudentdebt.com&ref=dwindlestudentdebt.com&source=dwindlestudentdebt.com,https://www.nvidia.com/en-us/,Computer Hardware,https://ucarecdn.com/341860d0-93b4-4897-90ee-929222e0e4f9/nvidia.png,A pioneer in accelerated computing.,"Our invention of the GPU in 1999 sparked the growth of the PC gaming market, redefined computer graphics and ignited the era of modern AI. NVIDIA is now a full-stack computing company with data-center-scale offerings that are reshaping industry."
Papa John's,,TRUE,,,,https://jobs.papajohns.com/search/searchjobs?utm_source=dwindlestudentdebt.com&utm_medium=dwindlestudentdebt.com&utm_campaign=dwindlestudentdebt.com&ref=dwindlestudentdebt.com&source=dwindlestudentdebt.com,https://www.papajohns.com/,Restaurants,https://ucarecdn.com/31b6d2f4-6191-4394-b839-c3e7050fbb2c/papa-john's.png,Better Ingredients. Better Pizza.®,"Papa Johns seeks people who have an entrepreneurial spirit and share our philosophy for success. Hands-on training, a clean and safe work environment, quality business practices, advancement opportunities and meaningful work combine to produce not only the best pizza, but also the best team members! Better Opportunities. Better People! 
  
  At Papa Johns we call ourselves team members instead of employees because we believe it is only through a strong team we can produce the best experience for our customers. Whether at our corporate campus, distribution centers, our restaurants, or located internationally; Papa Johns has a variety of positions for talented and passionate people."
Peloton,,TRUE,,,,https://www.onepeloton.com/careers?utm_source=dwindlestudentdebt.com&utm_medium=dwindlestudentdebt.com&utm_campaign=dwindlestudentdebt.com&ref=dwindlestudentdebt.com&source=dwindlestudentdebt.com,https://www.onepeloton.com/,"Health, Wellness & Fitness",https://ucarecdn.com/5d9c5374-b56f-4e7e-96e8-a51d3c22bb16/peloton.png,"Peloton is the leading interactive fitness platform globally, with a passionate community of more than 7 million Members in the US, UK, Canada, Germany, and Australia.","Peloton makes fitness entertaining, approachable, effective, and convenient, while fostering social connections that motivate its Members to commit to their fitness journeys. 
  Consumers can access the Peloton library with thousands of live and on-demand classes at the gym, at home, on the road, or wherever they choose to move, through the Peloton Bike, Peloton Tread, Peloton Bike+, Peloton Guide, and Peloton App on any iOS or Android device and select smart TVs."
Penguin Random House,,TRUE,,,,https://jobsearch.createyourowncareer.com/PRH_US/search/?q=&locationsearch=,https://www.penguinrandomhouse.com/,Publishing,https://ucarecdn.com/4ccc1d75-b248-4e0c-b7ed-f451040ac6dd/penguin-random-house.png,Our mission is to ignite a universal passion for reading by creating books for everyone.,"Penguin Random House is the world's largest trade book publisher. Worldwide, the company is comprised of the adult and children's fiction and nonfiction print and digital trade book publishing businesses of Penguin and Random House in the U.S., U.K., Canada, Australia, New Zealand, India, and South Africa, and Penguin's trade publishing activity in Asia and Brazil; DK worldwide; and Penguin Random House Grupo Editorial's Spanish-language companies in Spain, Mexico, Argentina, Uruguay, Colombia, and Chile."
Pepsico,,TRUE,,,,https://www.pepsicojobs.com/main/jobs?utm_source=dwindlestudentdebt.com&utm_medium=dwindlestudentdebt.com&utm_campaign=dwindlestudentdebt.com&ref=dwindlestudentdebt.com&source=dwindlestudentdebt.com,http://www.pepsico.com/,Food and Beverage Service,https://ucarecdn.com/ea0130d8-b495-4022-ba50-fc7ab6ca80bf/pepsico.png,Global leader in convenient foods and beverages.,"PepsiCo products are enjoyed by consumers more than one billion times a day in more than 200 countries and territories around the world. 
  
  PepsiCo's product portfolio includes a wide range of enjoyable foods and beverages, including many iconic brands - such as Lay's, Doritos, Cheetos, Gatorade, Pepsi-Cola, Mountain Dew, Quaker and SodaStream - that generate more than $1 billion each in estimated annual retail sales."
Powertex Group,,TRUE,,,,https://powertexgroup.com/careers?utm_source=dwindlestudentdebt.com&utm_medium=dwindlestudentdebt.com&utm_campaign=dwindlestudentdebt.com&ref=dwindlestudentdebt.com&source=dwindlestudentdebt.com,https://powertexgroup.com/,Advertising Services,https://ucarecdn.com/7151acf0-b760-401a-bea2-606ed719a896/powertex-group.png,Your story. Our craft. Branded merchandise solutions made for your business.,"Powertex is a full-service branded merchandise supplier, specializing in not only providing high quality, cost-competitive custom products, but also in providing flexible, turn-key program services that help our customers make real life connections with their brand fans, employees, retail partners, and corporate stakeholders."
Public Prep,,TRUE,,,,https://www.publicprep.org/careers?utm_source=dwindlestudentdebt.com&utm_medium=dwindlestudentdebt.com&utm_campaign=dwindlestudentdebt.com&ref=dwindlestudentdebt.com&source=dwindlestudentdebt.com,publicprep.org,Education Administration Programs,https://ucarecdn.com/f33c45d1-7737-4ad8-884a-ea93e2dad84f/public-prep.png,"Public Prep is an award-winning network of charter schools across Manhattan and the Bronx and the nation's first non-profit tuition-free charter school network that develops exceptional Pre-K, and single-gender elementary and middle public schools.","We envision a world where every scholar realizes their greatness inside and outside of school, and where classrooms are beacons of the community, fostering courageous learners, critical thinkers, and resilient leaders with strong personal agency. 
  Our network comprises 6 schools across 5 campuses in the Lower East Side and Bronx, serving 2,100 scholars in grades PreK-8: 
  Girls Prep Bronx Elementary School (Grades Pre-K-5) 
  Girls Prep Bronx Elementary School II (Grades Pre-K-2) 
  Girls Prep Bronx Middle School (Grades 6-8)
  Girls Prep Lower East Side Elementary School (Grades PreK-4)
  Girls Prep Lower East Side Middle School (Grades 5-8)
  Boys Prep Bronx (Grades K-8)"
Pure Insurance,,TRUE,,,,https://pureinsurance.wd5.myworkdayjobs.com/PURE?utm_source=dwindlestudentdebt.com&utm_medium=dwindlestudentdebt.com&utm_campaign=dwindlestudentdebt.com&ref=dwindlestudentdebt.com&source=dwindlestudentdebt.com,https://www.pureinsurance.com/,Insurance,https://ucarecdn.com/186af743-247a-45fd-ac63-6d6a492e8c37/pure-insurance.png,"PURE is a property and casualty insurance company designed exclusively for successful, responsible families.","We opened for business more than 15 years ago with the goal of offering something different in the insurance space: a company focused on doing what's right for our membership (policyholders), one that promotes transparency and alignment of interests, and delivers greater value."
PwC,,TRUE,,,,"https://jobs.us.pwc.com/search-jobs?fl=6252001,4566966&fcf=[%7B%22Value%22:%22Entry+level+jobs%22,%22Key%22:%22salary_time%22%7D]?utm_source=dwindlestudentdebt.com&utm_medium=dwindlestudentdebt.com&utm_campaign=dwindlestudentdebt.com&ref=dwindlestudentdebt.com&source=dwindlestudentdebt.com",https://www.pwc.com/us/en,Accounting,https://ucarecdn.com/fc237bcd-afd3-413d-a930-448d425ad015/pwc.png,"At PwC, our purpose is to build trust in society and solve important problems.","We're a network of firms in 155 countries with over 284,000 people who are committed to delivering quality in assurance, advisory and tax services."
Rock Family of Companies,,TRUE,,,,https://www.myrocketcareer.com/about-us/family-of-companies?utm_source=dwindlestudentdebt.com&utm_medium=dwindlestudentdebt.com&utm_campaign=dwindlestudentdebt.com&ref=dwindlestudentdebt.com&source=dwindlestudentdebt.com,https://www.myrocketcareer.com/about-us/family-of-companies/,Various Industries,https://ucarecdn.com/ec082b22-92ed-4a16-9a86-2c3fc4ec9362/rockfoc-logo.png,"Rocket Companies® and the affiliated Family of Companies are comprised of around 100 businesses that span fintech, real estate, sports, entertainment and more. 
  
  Because of this variety, the career possibilities here are practically infinite.","Rocket Companies is a Detroit-based organization made up of businesses that span mortgages, real estate, automotive, personal finance and more. Our goal is to be the best at helping our clients with simple, fast and trusted digital solutions to navigate life's most complex moments. 
  
  In doing so, we've empowered millions of people to build brighter financial futures for themselves and their families."
RubiconMD,,TRUE,,,,https://boards.greenhouse.io/rubiconmd?utm_source=dwindlestudentdebt.com&utm_medium=dwindlestudentdebt.com&utm_campaign=dwindlestudentdebt.com&ref=dwindlestudentdebt.com&source=dwindlestudentdebt.com,https://www.rubiconmd.com/,IT Sevices and IT Consulting,https://ucarecdn.com/fa2586ee-5e0f-4899-a573-ec0e88f40647/rubiconmd.png,Your virtual front door to specialty care.,"RubiconMD is leading the mission to democratize medical expertise through its virtual-first specialty care solutions. 
  The RubiconMD eConsult and Behavioral Health platforms remove barriers to specialty expertise by rapidly connecting primary care clinicians to a board-certified panel of experts. 
  These solutions empower clinicians to deliver higher-quality care plans in a timely manner. RubiconMD eliminates unnecessary referrals and services, reduces patient wait times and travel burdens, and allows primary care to practice at the top of their license."
Shipt,,TRUE,,,,https://shipt.wd1.myworkdayjobs.com/Shipt_External?utm_source=dwindlestudentdebt.com&utm_medium=dwindlestudentdebt.com&utm_campaign=dwindlestudentdebt.com&ref=dwindlestudentdebt.com&source=dwindlestudentdebt.com,shipt.com,"Technology, Information and Internet",https://ucarecdn.com/b9c6c137-8db3-45b0-97b5-7b44a3743690/shipt-logo.png,Shipt brings the store to your door.,"Through a community of Shipt Shoppers and a convenient app, Shipt provides personal shopping and delivery and is available to 80% of households in more than 5,000 U.S. cities. 
  
  Shipt Shoppers go above and beyond, communicating in real time about preferences and substitutions. A curated marketplace of retailers, Shipt offers access to a variety of stores and product categories including fresh foods, household essentials, wellness products, office and pet supplies.
  
  Founded and headquartered in Birmingham, Alabama, Shipt also maintains an office in San Francisco."
SoFi,,TRUE,,,,https://www.sofi.com/careers/?ref=dwindlestudentdebt.com&source=dwindlestudentdebt.com&utm_campaign=dwindlestudentdebt.com&utm_medium=dwindlestudentdebt.com&utm_source=dwindlestudentdebt.com,https://www.sofi.com/,Financial Services,https://ucarecdn.com/a6fd90df-96f8-4edd-a6e0-e120238d8ef3/sofi.png,"SoFi helps you save, spend, earn, borrow, invest, and protect your money all in one app.","SoFi is a values-driven company on a mission to help our members get their money right. We create modern financial products and services that help people borrow, save, spend, invest, and protect their money better, so that they can achieve financial independence and realize their ambitions - from owning a home to saving for retirement, paying off their student loans, and more."
Sotheby's,,TRUE,,,,https://boards.greenhouse.io/sothebys?utm_source=dwindlestudentdebt.com&utm_medium=dwindlestudentdebt.com&utm_campaign=dwindlestudentdebt.com&ref=dwindlestudentdebt.com&source=dwindlestudentdebt.com,https://www.sothebys.com/en/,Artists and Writers,https://ucarecdn.com/c7df965e-2cc8-4de6-bd87-5afe16c6eacd/sotheby's-logo.png,The world's premier destination for art and luxury.,"Established in 1744, Sotheby's is the world's premier destination for art and luxury. Synonymous with innovation, Sotheby's promotes access, connoisseurship and preservation of fine art and rare objects through auctions, private sales and retail locations. 
  Our trusted global marketplace is supported by a network of specialists spanning 40 countries and 50 categories, which include Contemporary Art, Modern and Impressionist Art, Old Masters, Chinese Works of Art, Jewelry, Watches, Wine and Spirits, and Interiors, among many others."
Staples,,TRUE,,,,https://careers.staples.com/global/en?utm_source=dwindlestudentdebt.com&utm_medium=dwindlestudentdebt.com&utm_campaign=dwindlestudentdebt.com&ref=dwindlestudentdebt.com&source=dwindlestudentdebt.com,staples.com,Retail Office Equipment,https://ucarecdn.com/e9f676ae-2eec-4e78-acff-1018a6174aa4/staples.png,"Whether you know exactly what you need, or you're looking for tools and inspiration to hit your goals, Staples is here for you.","Staples is The Worklife Fulfillment Company, helping businesses of all sizes be more productive, connected and inspired - however and wherever they work today. With dedicated account teams, category professionals, innovative brands and a curated product assortment for business, Staples provides customized solutions to help organizations achieve their goals. The company operates in North America through eCommerce and direct sales, and is headquartered near Boston, Massachusetts."
Starbucks,,TRUE,,,,https://www.starbucks.com/careers/?utm_source=dwindlestudentdebt.com&utm_medium=dwindlestudentdebt.com&utm_campaign=dwindlestudentdebt.com&ref=dwindlestudentdebt.com&source=dwindlestudentdebt.com,starbucks.com,Retail,https://ucarecdn.com/130d7e8d-8a59-4c69-80fe-61d0b790795f/starbucks-logo.png,"By bringing people together over coffee, Starbucks has become one of the world's best-known and best-loved companies.","We purchase, roast and serve award-winning coffee. We also offer Italian-style espresso beverages, cold blended beverages, delicious food, premium teas and selected compact discs through our retail stores. 
  
  Working at Starbucks is a lot like working with your friends. When you work here, you're not an ""employee"" - we call ourselves ""partners"" - because we believe in shared common goals and mutual success. 
  
  We're dedicated to serving ethically sourced coffee, caring for the environment and giving back to the communities where we do business."
Sunrun,,TRUE,,,,https://careers.sunrun.com/us/en/search-results?m=3?utm_source=dwindlestudentdebt.com&utm_medium=dwindlestudentdebt.com&utm_campaign=dwindlestudentdebt.com&ref=dwindlestudentdebt.com&source=dwindlestudentdebt.com,sunrun.com,Solar Electric Power Generation,https://ucarecdn.com/50eb807d-88de-47ec-9309-20b566e62d87/sunrun-logo.png,"Power through life, with the power of Sunrun.","We believe America's energy future starts at home. By leading the charge on electrifying the home, we are enabling individuals to create, store, and control the energy they need to power their homes, their cars, and their communities with clean, renewable energy."
Taco Bell,,TRUE,,,,https://www.tacobell.com/careers?utm_source=dwindlestudentdebt.com&utm_medium=dwindlestudentdebt.com&utm_campaign=dwindlestudentdebt.com&ref=dwindlestudentdebt.com&source=dwindlestudentdebt.com,https://www.tacobell.com/,Restaurants,https://ucarecdn.com/436bea2a-9933-4ff8-8696-96bf69e1bf43/taco-bell.png,The world's largest Mexican-inspired quick service restaurant (QSR) brand.,"From breakfast to late night, Taco Bell serves customizable tacos, burritos and quesadillas, among other craveable choices like the Crunchwrap Supreme® and Nacho Fries. 
  
  Taco Bell offers a wide variety of plant-based menu items and was the first QSR brand to offer American Vegetarian Association (AVA)-certified menu items. 
  
  Taco Bell and its more than 350 franchise organizations proudly serve over 42 million customers each week through over 7,000 restaurants, as well as through its mobile and desktop touchpoints and via delivery ordering services. 
  
  Internationally, Taco Bell has over 600 restaurants, with plans to add 2,000 more restaurants in the next decade."
Target,,TRUE,,,,"https://jobs.target.com/search-jobs?fl=6252001,1269750?utm_source=dwindlestudentdebt.com&utm_medium=dwindlestudentdebt.com&utm_campaign=dwindlestudentdebt.com&ref=dwindlestudentdebt.com&source=dwindlestudentdebt.com",https://www.target.com/,Retail,https://ucarecdn.com/93f17f83-6b32-43b7-ba02-fa9f7536daf6/target.png,Expect more. Pay less.,"Target is one of the world's most recognized brands and one of America's leading retailers. We make Target our guests preferred shopping destination by offering outstanding value, inspiration, innovation and an exceptional guest experience that no other retailer can deliver.
  
  Target is committed to responsible corporate citizenship, ethical business practices, environmental stewardship and generous community support. 
  
  Since 1946, we have given 5 percent of our profits back to our communities. Our goal is to work as one team to fulfill our unique brand promise to our guests, wherever and whenever they choose to shop."
Teachable,,TRUE,,,,https://teachable.com/careers#job-list?utm_source=dwindlestudentdebt.com&utm_medium=dwindlestudentdebt.com&utm_campaign=dwindlestudentdebt.com&ref=dwindlestudentdebt.com&source=dwindlestudentdebt.com,https://teachable.com/,Internet,https://ucarecdn.com/6d5911a9-cd9b-4f65-a590-c8decebc3b17/teachable.png,We're helping you change the world by giving you the tools to share your knowledge through online courses and coaching.,"Teachable builds products that transform experience and know-how into thriving businesses. We believe shared knowledge has the power to change lives, and by enabling people to share what they know, we create a better world together. 
  Our reach is proven: As of 2020, more than 37 million students have enrolled in courses created on Teachable, and instructors using our platform have collectively earned nearly $1 billion."
Terminix,,TRUE,,,,https://terminix.jobs.net/en-US/search?%3Futm_source=dwindlestudentdebt.com&utm_medium=dwindlestudentdebt.com&utm_campaign=dwindlestudentdebt.com&ref=dwindlestudentdebt.com&source=dwindlestudentdebt.com,https://www.terminix.com/,Consumer Services,https://ucarecdn.com/91f15130-556b-4716-afb2-f1db9612ffd6/terminix.png,Don't be bugged by your student loans.,"Terminix is a leading provider of residential and commercial pest control. Terminix provides pest management services and protection against termites, mosquitoes, rodents, and other pests threatening human health and safety.
  Headquartered in Memphis, Tenn., Terminix serves approximately 2.9 million residential and commercial customers in 24 countries and territories."
The Goddard School,,TRUE,,,,https://recruiting.ultipro.com/GOD1001GOSY/JobBoard/d9bcba70-21be-405b-a68e-7fb1d8cb196c/?q=&o=postedDateDesc&w=&wc=&we=&wpst=,https://www.goddardschool.com/,Education Administration Programs,https://ucarecdn.com/f9d4eb51-2898-4e54-92bf-e0729ca3eb02/the-goddard-school.png,The Goddard School offers the best childhood preparation for social and academic success.,"The Goddard School uses the most current, academically endorsed methods to ensure that children have fun while learning the skills they need for long-term success in school and in life. Our talented teachers also collaborate with parents to nurture children into respectful, confident and joyful learners."
The Home Depot,,TRUE,,,,https://careers.homedepot.com/job-search-results?utm_source=dwindlestudentdebt.com&utm_medium=dwindlestudentdebt.com&utm_campaign=dwindlestudentdebt.com&ref=dwindlestudentdebt.com&source=dwindlestudentdebt.com,homedepot.com,Retail,https://ucarecdn.com/1701acd1-35b6-4181-9bd5-8c3c1e33bdf6/home-depot.png,"The Home Depot, the world's largest home improvement specialty retailer, values and rewards dedicated, knowledgeable and experienced professionals.","We operate over 2,200 retail stores in all 50 states, the District of Columbia, Puerto Rico, the U.S. Virgin Islands, Guam, Canada and Mexico. All of our associates have one thing in mind - helping our customers build and improve upon their homes. Join The Home Depot team today and see for yourself why we are consistently ranked as a top Fortune 500 company."
The U.S. Government,,TRUE,,,,https://www.usa.gov/government-jobs?utm_source=dwindlestudentdebt.com&utm_medium=dwindlestudentdebt.com&utm_campaign=dwindlestudentdebt.com&ref=dwindlestudentdebt.com&source=dwindlestudentdebt.com,usa.gov,Government Administration,https://ucarecdn.com/bd9e7c99-c45e-40c5-aeae-45aa80870b33/logo-usagov.png,"The federal government of the United States (U.S. federal government) is the national government of the United States, a federal republic in North America, composed of 50 states, a federal district, five major self-governing territories and several island possessions.","The federal government is composed of three distinct branches: legislative, executive and judicial, whose powers are vested by the U.S. Constitution in the Congress, the president and the federal courts, respectively. The powers and duties of these branches are further defined by acts of Congress, including the creation of executive departments and courts inferior to the Supreme Court.
  
  The Federal student loan repayment program permits agencies to repay Federally insured student loans as a recruitment or retention incentive for candidates or current employees of the agency. The program implements 5 U.S.C. 5379, which authorizes agencies to set up their own student loan repayment programs to attract or retain highly qualified employees."
Tyson Foods,,TRUE,,,,https://tysonfoods.wd5.myworkdayjobs.com/TSN?utm_source=dwindlestudentdebt.com&utm_medium=dwindlestudentdebt.com&utm_campaign=dwindlestudentdebt.com&ref=dwindlestudentdebt.com&source=dwindlestudentdebt.com,https://www.tyson.com/,Food and Beverage Manufacturing,https://ucarecdn.com/298d3351-2b39-4039-9368-8c6938fac6e6/tyson-logo.png,Sustainably Feeding the World With the Fastest Growing Protein Brands.,"We are a company of people engaged in the production of food, seeking to pursue truth and integrity, and committed to creating value for our shareholders, our customers, our team members, and our communities."
Unilever,,TRUE,,,,https://careers.unilever.com/search-jobs/?utm_source=dwindlestudentdebt.com&utm_medium=dwindlestudentdebt.com&utm_campaign=dwindlestudentdebt.com&ref=dwindlestudentdebt.com&source=dwindlestudentdebt.com,unilever.com,Manufacturing,https://ucarecdn.com/1ebce9db-3934-43d2-a645-5b33dbd2e9e3/unilever-logo.png,A better business. A better world. A better you.,"Be part of the world's most successful, purpose-led business. Work with brands that are well-loved around the world, that improve the lives of our consumers and the communities around us. 
  
  We promote innovation, big and small, to make our business win and grow; and we believe in business as a force for good. 
  
  Unleash your curiosity, challenge ideas and disrupt processes; use your energy to make this happen. Our brilliant business leaders and colleagues provide mentorship and inspiration, so you can be at your best."
Unqork,,TRUE,,,,https://www.unqork.com/careers#openroles?utm_source=dwindlestudentdebt.com&utm_medium=dwindlestudentdebt.com&utm_campaign=dwindlestudentdebt.com&ref=dwindlestudentdebt.com&source=dwindlestudentdebt.com,https://www.unqork.com/careers#openroles,Software Development,https://ucarecdn.com/99d8656e-4f62-4312-84b4-1699e4f11679/unqork.png,"At Unqork, we're changing the way companies create new products and software without having to write a single line of code.","Unqork is a no-code application platform that helps large enterprises build complex custom software faster, with higher quality, and lower costs than conventional approaches."
Walmart,,TRUE,,,,"https://careers.walmart.com/results?q=&page=1&sort=rank&expand=department,brand,type,rate&jobCareerArea=all?utm_source=dwindlestudentdebt.com&utm_medium=dwindlestudentdebt.com&utm_campaign=dwindlestudentdebt.com&ref=dwindlestudentdebt.com&source=dwindlestudentdebt.com",https://www.walmart.com/,Retail,https://ucarecdn.com/15204688-7430-4b1c-b120-5d3ad891ccd9/walmart-logo.png,Save money. Live better.,"We're committed to helping our customers save money so they can live better. Today, we're reinventing the shopping experience and our associates are at the heart of it. 
  
  When you join our Walmart family of brands (Sam's Club, Jet.com, Hayneedle, Modcloth, Moosejaw and many more!), you'll play a crucial role in shaping the future of retail, improving millions of lives around the world."
Waste Management,,TRUE,,,,https://careers.wm.com/jobs/search/6306794?utm_source=dwindlestudentdebt.com&utm_medium=dwindlestudentdebt.com&utm_campaign=dwindlestudentdebt.com&ref=dwindlestudentdebt.com&source=dwindlestudentdebt.com,https://wm.com,Environmental Sciences,https://ucarecdn.com/294baf05-8730-47a0-8a02-97a0331c222e/wm-logo.png,Waste Management is North America's leading provider of integrated environmental solutions.,"WM is North America's leading provider of integrated environmental solutions. We partner with our customers and communities to manage and reduce waste from collection to disposal while recovering valuable resources and creating clean, renewable energy. 
  
  We are on a quest for environmental performance, a mission to maximize resource value, while minimizing - and even eliminating - environmental impact so that both our economy and our environment can thrive."
Weedmaps,Weedmaps,TRUE,,,,https://weedmaps.com/careers?utm_source=dwindlestudentdebt.com&utm_medium=dwindlestudentdebt.com&utm_campaign=dwindlestudentdebt.com&ref=dwindlestudentdebt.com&source=dwindlestudentdebt.com,https://weedmaps.com/,Internet,https://ucarecdn.com/ca62f26b-931a-4206-bf0d-fccaacb97ddd/weedmaps.png,Weedmaps is the technology platform powering the cannabis industry.,"Founded in 2008, Weedmaps is a leading technology and software infrastructure provider to the cannabis industry. Our suite of cloud-based software and data solutions includes point of sale, logistics and ordering solutions that enable customers to scale their businesses while complying with the complex and disparate regulations applicable to the cannabis industry. 
  In addition, our platform provides consumers with information regarding cannabis products across web and mobile platforms, including listing local retailers and brands, facilitating product discovery and allowing consumers to educate themselves on cannabis and its history, uses and legal status."
